Start Time,Request Type,Latency (ms),Response Code
1712954766332,1712954767156,POST,824,201
1712954767176,1712954767281,POST,105,201
1712954767282,1712954767391,POST,109,201
1712954767394,1712954767504,POST,110,201
1712954767505,1712954767611,POST,106,201
1712954767615,1712954767737,POST,122,201
1712954767738,1712954767847,POST,109,201
1712954767848,1712954767956,POST,108,201
1712954767957,1712954768068,POST,111,201
1712954768070,1712954768179,POST,109,201
1712954768179,1712954768288,POST,109,201
1712954768289,1712954768398,POST,109,201
1712954768399,1712954768508,POST,109,201
1712954768511,1712954768620,POST,109,201
1712954768624,1712954768730,POST,106,201
1712954768731,1712954768839,POST,108,201
1712954768840,1712954768949,POST,109,201
1712954768951,1712954769060,POST,109,201
1712954769060,1712954769170,POST,110,201
1712954769175,1712954769282,POST,107,201
1712954769282,1712954769390,POST,108,201
1712954769392,1712954769500,POST,108,201
1712954769501,1712954769610,POST,109,201
1712954769612,1712954769735,POST,123,201
1712954769737,1712954769844,POST,107,201
1712954769846,1712954769967,POST,121,201
1712954769968,1712954770078,POST,110,201
1712954770082,1712954770200,POST,118,201
1712954770202,1712954770328,POST,126,201
1712954770334,1712954770451,POST,117,201
1712954770453,1712954770577,POST,124,201
1712954770580,1712954770703,POST,123,201
